antibody	barcode	chromatin	norm.pulldown	plasmid	m.fc	m.pulldown	m.MMEJ	m.TIF	LBR1_pred	LBR12_pred	LBR15_pred	mean_pred	log2_mean_pred	log2_efficiency	log2_m.pulldown
LigIV	ACCCCTAAAGGCGCTG	H3K27me3	1.04544857794409	EV	4.72312994408054	0.295892462765661	0.366666666666667	0.00709360929365096	-0.0205690114899581	-0.0295124231470854	0.26940083000638	0.0731064651231122	-3.77385719414943	-7.13926441388081	0.0641221024157687
LigIV	ACCCCTAAAGGCGCTG	H3K27me3	1.04544857794409	LBR2	4.72312994408054	1.34134104070975	0.21692811598408	0.910327566509437	0.723945673433128	0.822628315518085	0.774851152186782	0.773808380379332	-0.369951741569876	-0.135542325901651	0.0641221024157687
MRE11	ACCCCTAAAGGCGCTG	H3K27me3	1.18954650535769	EV	18.6867705814019	0.067843619418819	0.366666666666667	0.00709360929365096	-0.0205690114899382	-0.02951242314708	0.269400830006356	0.0731064651231125	-3.77385719414943	-7.13926441388081	0.250411675073178
MRE11	ACCCCTAAAGGCGCTG	H3K27me3	1.18954650535769	LBR2	18.6867705814019	1.25739012477651	0.21692811598408	0.910327566509437	0.723945673433129	0.822628315518085	0.774851152186783	0.773808380379332	-0.369951741569875	-0.135542325901651	0.250411675073178
Rad51	ACCCCTAAAGGCGCTG	H3K27me3	1.63642055031509	EV	9.7985038095412	0.192098757768789	0.366666666666667	0.00709360929365096	-0.02056901148995	-0.0295124231470578	0.269400830006374	0.073106465123122	-3.77385719414924	-7.13926441388081	0.710543559945235
Rad51	ACCCCTAAAGGCGCTG	H3K27me3	1.63642055031509	LBR2	9.7985038095412	1.82851930808388	0.21692811598408	0.910327566509437	0.723945673433128	0.822628315518086	0.774851152186783	0.773808380379333	-0.369951741569875	-0.135542325901651	0.710543559945235
LigIV	ACTGTCGAGTTGTCCG	H3K27me3	0.765176397052433	EV	2.95090213973759	0.390102050166328	0.328042328042328	0.0062945803523992	-0.0207036314360228	-0.0298615222993928	0.270112612580195	0.0731824862815933	-3.77235775954193	-7.31167408522349	-0.386135722484818
LigIV	ACTGTCGAGTTGTCCG	H3K27me3	0.765176397052433	LBR2	2.95090213973759	1.15527844721876	0.32916172264851	0.851227681243579	0.56083267442544	0.703877242120423	0.643499240854181	0.636069719133348	-0.652743187970033	-0.232383027996224	-0.386135722484818
MRE11	ACTGTCGAGTTGTCCG	H3K27me3	0.869281295498074	EV	15.3193154453814	0.0608948420455148	0.328042328042328	0.0062945803523992	-0.0207036314360229	-0.0298615222993745	0.270112612580196	0.0731824862815994	-3.77235775954181	-7.31167408522349	-0.202104992701925
MRE11	ACTGTCGAGTTGTCCG	H3K27me3	0.869281295498074	LBR2	15.3193154453814	0.930176137543589	0.32916172264851	0.851227681243579	0.560832674425441	0.703877242120424	0.643499240854181	0.636069719133348	-0.652743187970033	-0.232383027996224	-0.202104992701925
Rad51	ACTGTCGAGTTGTCCG	H3K27me3	1.57222655853515	EV	9.97886674477189	0.179621170177773	0.328042328042328	0.0062945803523992	-0.0207036314360179	-0.0298615222993801	0.270112612580195	0.0731824862815989	-3.77235775954182	-7.31167408522349	0.652809125563459
Rad51	ACTGTCGAGTTGTCCG	H3K27me3	1.57222655853515	LBR2	9.97886674477189	1.75184772871292	0.32916172264851	0.851227681243579	0.56083267442544	0.703877242120424	0.643499240854181	0.636069719133348	-0.652743187970033	-0.232383027996224	0.652809125563459
LigIV	AGAAAATAATATGACG	Euchromatin	1.15679296774307	EV	3.33686650585851	0.498727467857755	0.184021434660821	0.00713390112894718	-0.020562201123224	-0.0294948057350593	0.26936499559809	0.0731026629132689	-3.7739322295369	-7.13109306349796	0.210130687144899
LigIV	AGAAAATAATATGACG	Euchromatin	1.15679296774307	LBR2	3.33686650585851	1.65552043560083	0.24288955448787	0.958324573016147	0.884425674859037	0.954251005568758	0.82683310894243	0.888503263123409	-0.170551020171603	-0.0614137326891105	0.210130687144899
MRE11	AGAAAATAATATGACG	Euchromatin	1.97449288315436	EV	22.8728713591018	0.0973678230232554	0.184021434660821	0.00713390112894718	-0.0205622011232416	-0.0294948057350486	0.269364995598082	0.073102662913264	-3.77393222953699	-7.13109306349796	0.981482167769688
MRE11	AGAAAATAATATGACG	Euchromatin	1.97449288315436	LBR2	22.8728713591018	2.07186070617761	0.24288955448787	0.958324573016147	0.884425674859036	0.95425100556876	0.82683310894243	0.888503263123409	-0.170551020171603	-0.0614137326891105	0.981482167769688
Rad51	AGAAAATAATATGACG	Euchromatin	1.87613200472308	EV	7.46368678958193	0.308307535111521	0.184021434660821	0.00713390112894718	-0.0205622011232238	-0.0294948057350358	0.269364995598077	0.0731026629132724	-3.77393222953683	-7.13109306349796	0.907761339505438
Rad51	AGAAAATAATATGACG	Euchromatin	1.87613200472308	LBR2	7.46368678958193	2.1844395398346	0.24288955448787	0.958324573016147	0.884425674859036	0.954251005568767	0.826833108942432	0.888503263123412	-0.170551020171598	-0.0614137326891105	0.907761339505438
LigIV	AGGGCGTAAAATATTT	Euchromatin	1.10592125599855	EV	2.85938581259902	0.638119809079911	0.198765432098765	0.00683211306766622	-0.0206131597581073	-0.0296267290614427	0.269633532496523	0.0731312145589911	-3.77336886735396	-7.19345243370668	0.145248666201272
LigIV	AGGGCGTAAAATATTT	Euchromatin	1.10592125599855	LBR2	2.85938581259902	1.74404106507846	0.222070964996436	0.943232374618248	0.832223304227579	0.91294068553099	0.817270039186092	0.854144676314887	-0.227447638479481	-0.0843148580162209	0.145248666201272
MRE11	AGGGCGTAAAATATTT	Euchromatin	1.69385960627933	EV	20.0205818832679	0.0909660388626242	0.198765432098765	0.00683211306766622	-0.0206131597581195	-0.0296267290614385	0.269633532496508	0.0731312145589832	-3.77336886735412	-7.19345243370668	0.760314303407873
MRE11	AGGGCGTAAAATATTT	Euchromatin	1.69385960627933	LBR2	20.0205818832679	1.78482564514195	0.222070964996436	0.943232374618248	0.832223304227579	0.91294068553099	0.817270039186092	0.854144676314887	-0.227447638479481	-0.0843148580162209	0.760314303407873
Rad51	AGGGCGTAAAATATTT	Euchromatin	2.01495484150883	EV	7.75576287214442	0.317934623183677	0.198765432098765	0.00683211306766622	-0.0206131597581235	-0.0296267290614385	0.269633532496522	0.0731312145589866	-3.77336886735405	-7.19345243370668	1.01074750591884
Rad51	AGGGCGTAAAATATTT	Euchromatin	2.01495484150883	LBR2	7.75576287214442	2.33288946469251	0.222070964996436	0.943232374618248	0.832223304227579	0.91294068553099	0.817270039186092	0.854144676314887	-0.227447638479481	-0.0843148580162209	1.01074750591884
LigIV	ATACTATATTTAACGG	Euchromatin	1.06067433016069	EV	3.62263548304415	0.434689055034739	0.285908621821934	0.00637374404094763	-0.0206903310919976	-0.0298269584942889	0.270041995174885	0.0731749018628663	-3.77250728398253	-7.29364320063733	0.0849817586230612
LigIV	ATACTATATTTAACGG	Euchromatin	1.06067433016069	LBR2	3.62263548304415	1.49536338519543	0.241643082286473	0.952650395362296	0.864653708561462	0.938861514626408	0.824001734886259	0.87583898602471	-0.19126242530611	-0.0699812253622308	0.0849817586230612
MRE11	ATACTATATTTAACGG	Euchromatin	1.70309095465346	EV	20.5064977338467	0.0881248773186084	0.285908621821934	0.00637374404094763	-0.0206903310919976	-0.0298269584942889	0.270041995174885	0.0731749018628663	-3.77250728398253	-7.29364320063733	0.768155485118326
MRE11	ATACTATATTTAACGG	Euchromatin	1.70309095465346	LBR2	20.5064977338467	1.79121583197207	0.241643082286473	0.952650395362296	0.864653708561462	0.938861514626408	0.824001734886259	0.87583898602471	-0.19126242530611	-0.0699812253622308	0.768155485118326
Rad51	ATACTATATTTAACGG	Euchromatin	2.16057521131791	EV	7.94274686825084	0.332160036636978	0.285908621821934	0.00637374404094763	-0.0206903310919976	-0.0298269584942889	0.270041995174879	0.0731749018628641	-3.77250728398257	-7.29364320063733	1.11141545314784
Rad51	ATACTATATTTAACGG	Euchromatin	2.16057521131791	LBR2	7.94274686825084	2.49273524795488	0.241643082286473	0.952650395362296	0.864653708561462	0.938861514626408	0.82400173488626	0.87583898602471	-0.191262425306109	-0.0699812253622308	1.11141545314784
LigIV	ATATCGTTGCTGGAGA	Triple Heterochromatin	0.743596105219611	EV	2.94079015256558	0.420062896951607	0.28533708854075	0.00695348784622211	-0.0205926791934182	-0.029573680309479	0.269525493335064	0.0731197112773888	-3.77359581603495	-7.16804747427267	-0.427408881105314
LigIV	ATATCGTTGCTGGAGA	Triple Heterochromatin	0.743596105219611	LBR2	2.94079015256558	1.16365900217122	0.384154935265649	0.858200763826181	0.577867733711475	0.716233202832868	0.659567090343439	0.651222675629261	-0.618777159643884	-0.220612909755674	-0.427408881105314
MRE11	ATATCGTTGCTGGAGA	Triple Heterochromatin	0.888211970305051	EV	13.0961892024404	0.0765509780867219	0.28533708854075	0.00695348784622211	-0.0205926791933679	-0.0295736803095116	0.26952549333508	0.0731197112774001	-3.77359581603472	-7.16804747427267	-0.17102408045763
MRE11	ATATCGTTGCTGGAGA	Triple Heterochromatin	0.888211970305051	LBR2	13.0961892024404	0.964762948391773	0.384154935265649	0.858200763826181	0.577867733711474	0.716233202832868	0.659567090343439	0.65122267562926	-0.618777159643884	-0.220612909755674	-0.17102408045763
Rad51	ATATCGTTGCTGGAGA	Triple Heterochromatin	1.41826362419708	EV	6.05214114557601	0.283340584719522	0.28533708854075	0.00695348784622211	-0.0205926791934201	-0.0295736803095021	0.269525493335073	0.0731197112773836	-3.77359581603505	-7.16804747427267	0.504125722966813
Rad51	ATATCGTTGCTGGAGA	Triple Heterochromatin	1.41826362419708	LBR2	6.05214114557601	1.7016042089166	0.384154935265649	0.858200763826181	0.577867733711474	0.716233202832868	0.659567090343439	0.651222675629261	-0.618777159643884	-0.220612909755674	0.504125722966813
LigIV	CATCCACCACACTTCA	Triple Heterochromatin	0.480874756318162	EV	1.69648418850837	0.701843586034614	0.299242424242424	0.00809455486908817	-0.0203991996107081	-0.0290743738426093	0.268512265041414	0.0730128971960323	-3.77570486170961	-6.94883253777429	-1.05626690144667
LigIV	CATCCACCACACTTCA	Triple Heterochromatin	0.480874756318162	LBR2	1.69648418850837	1.18271834235278	0.470736437856586	0.560906923227042	0.257033420709196	0.345303846421608	0.290991930408765	0.297776399179857	-1.74769867990437	-0.834166704694053	-1.05626690144667
MRE11	CATCCACCACACTTCA	Triple Heterochromatin	0.313131044300251	EV	3.97434185155983	0.118796744764172	0.299242424242424	0.00809455486908817	-0.0203991996107081	-0.0290743738426093	0.268512265041414	0.0730128971960323	-3.77570486170961	-6.94883253777429	-1.67516154828303
MRE11	CATCCACCACACTTCA	Triple Heterochromatin	0.313131044300251	LBR2	3.97434185155983	0.431927789064424	0.470736437856586	0.560906923227042	0.257033420709196	0.345303846421608	0.290991930408765	0.297776399179857	-1.74769867990437	-0.834166704694053	-1.67516154828303
Rad51	CATCCACCACACTTCA	Triple Heterochromatin	0.40239953765629	EV	2.05256190510948	0.450867318667912	0.299242424242424	0.00809455486908817	-0.0203991996107081	-0.0290743738426093	0.268512265041414	0.0730128971960323	-3.77570486170961	-6.94883253777429	-1.31329944735168
Rad51	CATCCACCACACTTCA	Triple Heterochromatin	0.40239953765629	LBR2	2.05256190510948	0.853266856324203	0.470736437856586	0.560906923227042	0.257033420709196	0.345303846421608	0.290991930408765	0.297776399179857	-1.74769867990437	-0.834166704694053	-1.31329944735168
LigIV	CATTTCTGATCAATAA	other-heterochromatin	0.441537658606192	EV	2.17968626922798	0.414750096349015	0.339429491603405	0.00677992997684425	-0.0206219591427776	-0.0296495328212949	0.269679997675347	0.0731361685704247	-3.7732711404708	-7.20451391138619	-1.17939160476573
LigIV	CATTTCTGATCAATAA	other-heterochromatin	0.441537658606192	LBR2	2.17968626922798	0.856287754955207	0.417205251457107	0.71913267028017	0.381829825653454	0.504169559000502	0.45095954601509	0.445652976889682	-1.16600735199156	-0.475670141888193	-1.17939160476573
MRE11	CATTTCTGATCAATAA	other-heterochromatin	0.510430279234154	EV	8.64258419810202	0.0722714255163377	0.339429491603405	0.00677992997684425	-0.0206219591427891	-0.0296495328212832	0.269679997675351	0.0731361685704262	-3.77327114047077	-7.20451391138619	-0.970214181134797
MRE11	CATTTCTGATCAATAA	other-heterochromatin	0.510430279234154	LBR2	8.64258419810202	0.582701704750491	0.417205251457107	0.71913267028017	0.381829825653454	0.504169559000502	0.45095954601509	0.445652976889682	-1.16600735199156	-0.475670141888193	-0.970214181134797
Rad51	CATTTCTGATCAATAA	other-heterochromatin	0.881500209822588	EV	4.15185500294619	0.278822172530767	0.339429491603405	0.00677992997684425	-0.0206219591427884	-0.0296495328212843	0.269679997675341	0.0731361685704226	-3.77327114047084	-7.20451391138619	-0.181967181938648
Rad51	CATTTCTGATCAATAA	other-heterochromatin	0.881500209822588	LBR2	4.15185500294619	1.16032238235336	0.417205251457107	0.71913267028017	0.381829825653454	0.504169559000502	0.45095954601509	0.445652976889682	-1.16600735199156	-0.475670141888193	-0.181967181938648
LigIV	CCGGGGACGTATGCAC	other-heterochromatin	0.866937819580631	EV	3.11475818657638	0.424880599599844	0.229239766081871	0.0063363224454002	-0.0206966193364239	-0.0298432978411299	0.27007537416666	0.0731784856630354	-3.77243662855296	-7.30213853091388	-0.205999573873564
LigIV	CCGGGGACGTATGCAC	other-heterochromatin	0.866937819580631	LBR2	3.11475818657638	1.29181841918048	0.333312175550556	0.821299435182168	0.501685436291624	0.64689428222793	0.579019244665678	0.575866321061744	-0.796194144893621	-0.284019788970577	-0.205999573873564
MRE11	CCGGGGACGTATGCAC	other-heterochromatin	1.1616296315765	EV	18.3495511879099	0.0665019720654752	0.229239766081871	0.0063363224454002	-0.0206966193364199	-0.0298432978411317	0.270075374166657	0.073178485663035	-3.77243662855297	-7.30213853091388	0.216150160084752
MRE11	CCGGGGACGTATGCAC	other-heterochromatin	1.1616296315765	LBR2	18.3495511879099	1.22813160364197	0.333312175550556	0.821299435182168	0.501685436291624	0.646894282227931	0.579019244665678	0.575866321061744	-0.79619414489362	-0.284019788970577	0.216150160084752
Rad51	CCGGGGACGTATGCAC	other-heterochromatin	2.19453325659814	EV	10.3960568638645	0.236282473149177	0.229239766081871	0.0063363224454002	-0.020696619336415	-0.0298432978410985	0.270075374166659	0.0731784856630486	-3.7724366285527	-7.30213853091388	1.13391413338537
Rad51	CCGGGGACGTATGCAC	other-heterochromatin	2.19453325659814	LBR2	10.3960568638645	2.43081572974732	0.333312175550556	0.821299435182168	0.501685436291624	0.646894282227931	0.579019244665678	0.575866321061744	-0.79619414489362	-0.284019788970577	1.13391413338537
LigIV	CGGCCTGAAGGTCAGG	H3K27me3	0.718031675851364	EV	2.47093232127651	0.517654746084785	0.499512670565302	0.00666958521854455	-0.020640554372609	-0.0296977456651802	0.269778282240207	0.0731466607341393	-3.77306418531883	-7.22818724165639	-0.477880605176541
LigIV	CGGCCTGAAGGTCAGG	H3K27me3	0.718031675851364	LBR2	2.47093232127651	1.23568642193615	0.468735701168794	0.787827295140493	0.447286926403209	0.585569762245243	0.520492369709402	0.517783019452618	-0.949580441648553	-0.344048693317908	-0.477880605176541
MRE11	CGGCCTGAAGGTCAGG	H3K27me3	0.719841999289341	EV	9.95719146516938	0.0920325914287848	0.499512670565302	0.00666958521854455	-0.0206405543726104	-0.0296977456651703	0.269778282240204	0.0731466607341411	-3.77306418531879	-7.22818724165639	-0.47424781591065
MRE11	CGGCCTGAAGGTCAGG	H3K27me3	0.719841999289341	LBR2	9.95719146516938	0.811874590718126	0.468735701168794	0.787827295140493	0.447286926403209	0.585569762245244	0.520492369709402	0.517783019452618	-0.949580441648553	-0.344048693317908	-0.47424781591065
Rad51	CGGCCTGAAGGTCAGG	H3K27me3	2.05128285340906	EV	6.74840435111931	0.356278890130299	0.499512670565302	0.00666958521854455	-0.0206405543726171	-0.0296977456651783	0.269778282240189	0.0731466607341311	-3.77306418531899	-7.22818724165639	1.03652644017202
Rad51	CGGCCTGAAGGTCAGG	H3K27me3	2.05128285340906	LBR2	6.74840435111931	2.40756174353936	0.468735701168794	0.787827295140493	0.447286926403209	0.585569762245244	0.520492369709402	0.517783019452618	-0.949580441648553	-0.344048693317908	1.03652644017202
LigIV	GAGCGCGTCACCGGGT	H3K27me3	0.961986141540126	EV	3.56952560691289	0.382218849174847	0.352676563202879	0.00688349068374553	-0.0206044927321297	-0.0296042751288634	0.269587793649519	0.0731263419295086	-3.7734649952883	-7.18264392976185	-0.0559119843383526
LigIV	GAGCGCGTCACCGGGT	H3K27me3	0.961986141540126	LBR2	3.56952560691289	1.34420499071497	0.319310389698295	0.893137577518037	0.671301242388633	0.776244219011935	0.741747281731929	0.729764247710832	-0.454497622114798	-0.163045671931386	-0.0559119843383526
MRE11	GAGCGCGTCACCGGGT	H3K27me3	1.10160198955724	EV	17.8542005781075	0.0680270107526753	0.352676563202879	0.00688349068374553	-0.0206044927321287	-0.0296042751288491	0.269587793649507	0.0731263419295098	-3.77346499528827	-7.18264392976185	0.139603070178996
MRE11	GAGCGCGTCACCGGGT	H3K27me3	1.10160198955724	LBR2	17.8542005781075	1.16962900030992	0.319310389698295	0.893137577518037	0.671301242388634	0.776244219011934	0.74174728173193	0.729764247710832	-0.454497622114797	-0.163045671931386	0.139603070178996
Rad51	GAGCGCGTCACCGGGT	H3K27me3	1.893521000646	EV	6.87709785341096	0.325835845718362	0.352676563202879	0.00688349068374553	-0.0206044927321212	-0.0296042751288692	0.269587793649509	0.0731263419295061	-3.77346499528835	-7.18264392976185	0.921071421940485
Rad51	GAGCGCGTCACCGGGT	H3K27me3	1.893521000646	LBR2	6.87709785341096	2.21935684636436	0.319310389698295	0.893137577518037	0.671301242388634	0.776244219011934	0.741747281731929	0.729764247710832	-0.454497622114798	-0.163045671931386	0.921071421940485
LigIV	GCGCACCCTTTAATTG	H3K27me3	0.954785101235962	EV	3.45148975323311	0.412648983773983	0.251108540582225	0.00756490577248747	-0.0204892178800772	-0.0293062684971023	0.268982020399177	0.0730621780073326	-3.7747314282245	-7.0464621721357	-0.0667520405547013
LigIV	GCGCACCCTTTAATTG	H3K27me3	0.954785101235962	LBR2	3.45148975323311	1.36743408500994	0.316218992966654	0.904398193321607	0.705498896096551	0.805965807620137	0.764277439266131	0.758580714327606	-0.398625400947806	-0.144969984806503	-0.0667520405547013
MRE11	GCGCACCCTTTAATTG	H3K27me3	1.16999057731114	EV	19.9007240571436	0.0664283864037062	0.251108540582225	0.00756490577248747	-0.0204892178799852	-0.029306268497077	0.268982020399167	0.0730621780073684	-3.7747314282238	-7.0464621721357	0.226496910901651
MRE11	GCGCACCCTTTAATTG	H3K27me3	1.16999057731114	LBR2	19.9007240571436	1.23641896371485	0.316218992966654	0.904398193321607	0.705498896096551	0.805965807620137	0.764277439266131	0.758580714327606	-0.398625400947805	-0.144969984806503	0.226496910901651
Rad51	GCGCACCCTTTAATTG	H3K27me3	1.78334534779224	EV	8.23741495689513	0.257054136454555	0.251108540582225	0.00756490577248747	-0.0204892178799877	-0.0293062684971054	0.26898202039917	0.0730621780073591	-3.77473142822398	-7.0464621721357	0.834586110311445
Rad51	GCGCACCCTTTAATTG	H3K27me3	1.78334534779224	LBR2	8.23741495689513	2.04039948424679	0.316218992966654	0.904398193321607	0.705498896096551	0.805965807620136	0.764277439266132	0.758580714327606	-0.398625400947805	-0.144969984806503	0.834586110311445
LigIV	GCTAACATCACGAATC	other-heterochromatin	1.14672625057248	EV	3.55536062484891	0.480210429628436	0.317620650953984	0.00687331050407632	-0.0206062103266489	-0.0296087244170523	0.269596855820863	0.0731273070257207	-3.77344595522292	-7.18477914960032	0.197521028600511
LigIV	GCTAACATCACGAATC	other-heterochromatin	1.14672625057248	LBR2	3.55536062484891	1.62693668020092	0.269054995667646	0.931894650274585	0.793910437355601	0.88179103768662	0.805874332655544	0.827191935899255	-0.27370597366254	-0.101761225970369	0.197521028600511
MRE11	GCTAACATCACGAATC	other-heterochromatin	1.99432897393091	EV	26.3111793643808	0.0794356316743561	0.317620650953984	0.00687331050407632	-0.0206062103266488	-0.0296087244170491	0.269596855820863	0.0731273070257217	-3.77344595522289	-7.18477914960032	0.995903408688998
MRE11	GCTAACATCACGAATC	other-heterochromatin	1.99432897393091	LBR2	26.3111793643808	2.07376460560527	0.269054995667646	0.931894650274585	0.793910437355601	0.881791037686619	0.805874332655544	0.827191935899254	-0.273705973662541	-0.101761225970369	0.995903408688998
Rad51	GCTAACATCACGAATC	other-heterochromatin	1.70579193128016	EV	8.56980328988179	0.271597373015009	0.317620650953984	0.00687331050407632	-0.0206062103266488	-0.0296087244170491	0.269596855820863	0.0731273070257217	-3.77344595522289	-7.18477914960032	0.770441680643799
Rad51	GCTAACATCACGAATC	other-heterochromatin	1.70579193128016	LBR2	8.56980328988179	1.97738930429517	0.269054995667646	0.931894650274585	0.793910437355601	0.881791037686618	0.805874332655544	0.827191935899254	-0.273705973662542	-0.101761225970369	0.770441680643799
LigIV	GTACCTCTCGATAGTG	Triple Heterochromatin	0.337848054630652	EV	1.96258958998939	0.384765444759398	0.257449494949495	0.006919199163306	-0.0205984669492996	-0.0295886679295261	0.269556009556183	0.0731229582257856	-3.7735317532499	-7.17517921645124	-1.5655535469536
LigIV	GTACCTCTCGATAGTG	Triple Heterochromatin	0.337848054630652	LBR2	1.96258958998939	0.72261349939005	0.472531840169403	0.637027490997533	0.317452365861734	0.419285911967134	0.363461213324428	0.366733163717766	-1.4471973598774	-0.650572461385367	-1.5655535469536
MRE11	GTACCTCTCGATAGTG	Triple Heterochromatin	0.353834214602756	EV	6.27738845570503	0.0697601269164604	0.257449494949495	0.006919199163306	-0.0205984669492996	-0.0295886679295261	0.269556009556183	0.0731229582257856	-3.7735317532499	-7.17517921645124	-1.49885453625664
MRE11	GTACCTCTCGATAGTG	Triple Heterochromatin	0.353834214602756	LBR2	6.27738845570503	0.423594341519217	0.472531840169403	0.637027490997533	0.317452365861734	0.419285911967134	0.363461213324428	0.366733163717766	-1.4471973598774	-0.650572461385367	-1.49885453625664
Rad51	GTACCTCTCGATAGTG	Triple Heterochromatin	0.678376583135817	EV	3.39134588307724	0.283197584665186	0.257449494949495	0.006919199163306	-0.0205984669492996	-0.0295886679295261	0.269556009556183	0.0731229582257856	-3.7735317532499	-7.17517921645124	-0.559841724480512
Rad51	GTACCTCTCGATAGTG	Triple Heterochromatin	0.678376583135817	LBR2	3.39134588307724	0.961574167801003	0.472531840169403	0.637027490997533	0.317452365861734	0.419285911967134	0.363461213324428	0.366733163717766	-1.4471973598774	-0.650572461385367	-0.559841724480512
LigIV	TATGGCTGTCGGGTAG	Euchromatin	1.23456910861761	EV	3.42379477620848	0.519148589014476	0.138759207386658	0.00669946738627895	-0.0206355202140534	-0.0296846902510079	0.269751661941484	0.0731438171588076	-3.77312027115693	-7.22173788009429	0.30400759781669
LigIV	TATGGCTGTCGGGTAG	Euchromatin	1.23456910861761	LBR2	3.42379477620848	1.75371769763209	0.181124555564207	0.914256911581437	0.736359565726438	0.833568147329543	0.781377517786133	0.783768410280705	-0.351500668476703	-0.12932846682187	0.30400759781669
MRE11	TATGGCTGTCGGGTAG	Euchromatin	1.55630703669082	EV	20.5780769638885	0.0806128757402857	0.138759207386658	0.00669946738627895	-0.0206355202140543	-0.0296846902510311	0.269751661941477	0.0731438171587972	-3.77312027115714	-7.22173788009429	0.638126711104013
MRE11	TATGGCTGTCGGGTAG	Euchromatin	1.55630703669082	LBR2	20.5780769638885	1.63691991243111	0.181124555564207	0.914256911581437	0.736359565726438	0.833568147329543	0.781377517786134	0.783768410280705	-0.351500668476702	-0.12932846682187	0.638126711104013
Rad51	TATGGCTGTCGGGTAG	Euchromatin	1.66803471560513	EV	6.58691429130588	0.308684850261701	0.138759207386658	0.00669946738627895	-0.020635520214053	-0.0296846902510263	0.269751661941477	0.0731438171587993	-3.7731202711571	-7.22173788009429	0.738149314867817
Rad51	TATGGCTGTCGGGTAG	Euchromatin	1.66803471560513	LBR2	6.58691429130588	1.97671956586683	0.181124555564207	0.914256911581437	0.736359565726438	0.833568147329543	0.781377517786133	0.783768410280705	-0.351500668476702	-0.12932846682187	0.738149314867817
LigIV	TCTTTTGAGGAGCTGA	Triple Heterochromatin	0.337169832833546	EV	1.91982735500017	0.39282553125321	0.340350877192982	0.00676594728018135	-0.0206243163754964	-0.0296556428167737	0.269692449816613	0.073137496874781	-3.7732449383776	-7.20749234887178	-1.56845263324669
LigIV	TCTTTTGAGGAGCTGA	Triple Heterochromatin	0.337169832833546	LBR2	1.91982735500017	0.729995364086755	0.483823665845016	0.624900691964813	0.307478765639758	0.407235232261996	0.351171930977762	0.355295309626505	-1.49290945159747	-0.6783011572622	-1.56845263324669
MRE11	TCTTTTGAGGAGCTGA	Triple Heterochromatin	0.382889074145239	EV	6.29098828533233	0.0710404261086397	0.340350877192982	0.00676594728018135	-0.0206243163754964	-0.0296556428167737	0.269692449816613	0.073137496874781	-3.7732449383776	-7.20749234887178	-1.38500160184835
MRE11	TCTTTTGAGGAGCTGA	Triple Heterochromatin	0.382889074145239	LBR2	6.29098828533233	0.453929500253879	0.483823665845016	0.624900691964813	0.307478765639758	0.407235232261996	0.351171930977762	0.355295309626505	-1.49290945159747	-0.6783011572622	-1.38500160184835
Rad51	TCTTTTGAGGAGCTGA	Triple Heterochromatin	0.580071762186454	EV	3.16013218924769	0.270074966691475	0.340350877192982	0.00676594728018135	-0.0206243163754964	-0.0296556428167737	0.269692449816613	0.073137496874781	-3.7732449383776	-7.20749234887178	-0.78569670405023
Rad51	TCTTTTGAGGAGCTGA	Triple Heterochromatin	0.580071762186454	LBR2	3.16013218924769	0.850146728877929	0.483823665845016	0.624900691964813	0.307478765639758	0.407235232261996	0.351171930977762	0.355295309626505	-1.49290945159747	-0.6783011572622	-0.78569670405023
LigIV	TGGCCAATATTTGTCT	other-heterochromatin	0.751563697825956	EV	2.98483640485465	0.386018321389378	0.285861713106295	0.00707510845928405	-0.0205721379032685	-0.0295205121064055	0.269417285984028	0.0731082119914512	-3.77382272157336	-7.14303202046712	-0.412032711779354
LigIV	TGGCCAATATTTGTCT	other-heterochromatin	0.751563697825956	LBR2	2.98483640485465	1.13758201921533	0.364941388177179	0.800061536883032	0.464608189806449	0.605983683014759	0.538493564839632	0.536361812553614	-0.898721569801401	-0.321817125460276	-0.412032711779354
MRE11	TGGCCAATATTTGTCT	other-heterochromatin	0.806570251783671	EV	12.0606280639414	0.0771225067432306	0.285861713106295	0.00707510845928405	-0.0205721379032642	-0.0295205121064493	0.269417285984028	0.0731082119914381	-3.77382272157362	-7.14303202046712	-0.310127898163676
MRE11	TGGCCAATATTTGTCT	other-heterochromatin	0.806570251783671	LBR2	12.0606280639414	0.883692758526902	0.364941388177179	0.800061536883032	0.464608189806449	0.605983683014759	0.538493564839632	0.536361812553614	-0.898721569801401	-0.321817125460276	-0.310127898163676
Rad51	TGGCCAATATTTGTCT	other-heterochromatin	1.15746451106683	EV	4.71369478632488	0.319039063999757	0.285861713106295	0.00707510845928405	-0.0205721379032572	-0.029520512106447	0.269417285984034	0.0731082119914434	-3.77382272157351	-7.14303202046712	0.210967959798424
Rad51	TGGCCAATATTTGTCT	other-heterochromatin	1.15746451106683	LBR2	4.71369478632488	1.47650357506658	0.364941388177179	0.800061536883032	0.464608189806449	0.605983683014759	0.538493564839632	0.536361812553614	-0.898721569801401	-0.321817125460276	0.210967959798424
LigIV	TGTCCCTTAGTACTTT	Euchromatin	1.21945522230129	EV	4.83469374434682	0.329228672732219	0.182206682206682	0.00712782701624963	-0.0205632279413752	-0.0294974616961877	0.269370397384435	0.0731032359156239	-3.7739209212701	-7.13232195984309	0.286236784169432
LigIV	TGTCCCTTAGTACTTT	Euchromatin	1.21945522230129	LBR2	4.83469374434682	1.54868389503351	0.245013619279541	0.935086328179587	0.804606529922479	0.890525927476716	0.809436884055793	0.834856447151663	-0.260399946147345	-0.0968285325744389	0.286236784169432
MRE11	TGTCCCTTAGTACTTT	Euchromatin	1.70174625044478	EV	26.3469486404768	0.0683195145061101	0.182206682206682	0.00712782701624963	-0.0205632279413696	-0.0294974616961753	0.269370397384438	0.0731032359156312	-3.77392092126995	-7.13232195984309	0.767015930962092
MRE11	TGTCCCTTAGTACTTT	Euchromatin	1.70174625044478	LBR2	26.3469486404768	1.77006576495089	0.245013619279541	0.935086328179587	0.804606529922479	0.890525927476716	0.809436884055793	0.834856447151663	-0.260399946147345	-0.0968285325744389	0.767015930962092
Rad51	TGTCCCTTAGTACTTT	Euchromatin	2.01773032074604	EV	11.6826867184301	0.195731332792715	0.182206682206682	0.00712782701624963	-0.0205632279413781	-0.0294974616961536	0.269370397384438	0.0731032359156354	-3.77392092126987	-7.13232195984309	1.01273336427512
Rad51	TGTCCCTTAGTACTTT	Euchromatin	2.01773032074604	LBR2	11.6826867184301	2.21346165353875	0.245013619279541	0.935086328179587	0.804606529922479	0.890525927476715	0.809436884055794	0.834856447151663	-0.260399946147345	-0.0968285325744389	1.01273336427512
LigIV	TTGAACGCGGGCTCGG	Euchromatin	1.11455414933758	EV	3.58171246170606	0.447040080415911	0.229672571121846	0.00703269422655243	-0.0205793037042427	-0.0295390554640312	0.269455016691179	0.0731122191743019	-3.77374364722264	-7.15170679271193	0.156466709987576
LigIV	TTGAACGCGGGCTCGG	Euchromatin	1.11455414933758	LBR2	3.58171246170606	1.56159422975349	0.245933294184116	0.938143723198105	0.814920510098432	0.898920675835234	0.812591522527663	0.842144236153776	-0.247860746437961	-0.092119134980945	0.156466709987576
MRE11	TTGAACGCGGGCTCGG	Euchromatin	1.42518458915178	EV	17.1794362916946	0.0886732146571307	0.229672571121846	0.00703269422655243	-0.0205793037042417	-0.0295390554640209	0.269455016691168	0.0731122191743017	-3.77374364722265	-7.15170679271193	0.511148788475434
MRE11	TTGAACGCGGGCTCGG	Euchromatin	1.42518458915178	LBR2	17.1794362916946	1.51385780380891	0.245933294184116	0.938143723198105	0.814920510098431	0.898920675835234	0.812591522527663	0.842144236153776	-0.247860746437961	-0.092119134980945	0.511148788475434
Rad51	TTGAACGCGGGCTCGG	Euchromatin	2.45964687351043	EV	9.0807608075802	0.307584216501846	0.229672571121846	0.00703269422655243	-0.0205793037042463	-0.0295390554640209	0.269455016691113	0.073112219174282	-3.77374364722303	-7.15170679271193	1.29845120564412
Rad51	TTGAACGCGGGCTCGG	Euchromatin	2.45964687351043	LBR2	9.0807608075802	2.76723109001228	0.245933294184116	0.938143723198105	0.814920510098432	0.898920675835234	0.812591522527663	0.842144236153776	-0.247860746437961	-0.092119134980945	1.29845120564412
POLQ	ACCCCTAAAGGCGCTG	H3K27me3	1.77296399411377	EV	4.56873847048847	0.50159978376233	0.25	0.00708774171310539	-0.0205700030871224	-0.0295149886085551	0.269406048929079	0.0731070190778005	-3.77384626235766	-7.14045825356987	0.826163237849141
POLQ	ACCCCTAAAGGCGCTG	H3K27me3	1.77296399411377	LBR2	4.56873847048847	2.2745637778761	0.210367744008693	0.921904651426863	0.760960173464109	0.854560271612467	0.792978960309144	0.802833135128574	-0.316827932971137	-0.117310548166517	0.826163237849141
POLQ	ACTGTCGAGTTGTCCG	H3K27me3	1.19717797943917	EV	3.42053990631867	0.521746323201674	0.384920634920635	0.00663962873516405	-0.0206455998836273	-0.0297108328193985	0.269804971813745	0.0731495130369065	-3.7730079295337	-7.23468171129959	0.259637647658914
POLQ	ACTGTCGAGTTGTCCG	H3K27me3	1.19717797943917	LBR2	3.42053990631867	1.71892430264085	0.324078315387633	0.874929161176412	0.619352672578102	0.740229675977418	0.69883317591727	0.686138508157597	-0.543428257757828	-0.192761881321431	0.259637647658914
POLQ	AGAAAATAATATGACG	Euchromatin	2.40012380234909	EV	4.33171152986386	0.737338741921146	0.20460358056266	0.00661061867408513	-0.0206504848767032	-0.0297235058131981	0.269830821108038	0.0731522768060456	-3.77295342198412	-7.24099898777527	1.26310882434568
POLQ	AGAAAATAATATGACG	Euchromatin	2.40012380234909	LBR2	4.33171152986386	3.13746254427024	0.23737040165878	0.960520567389389	0.892121736439307	0.960114499821611	0.827679523791896	0.893305253350938	-0.162774848718759	-0.0581115885936562	1.26310882434568
POLQ	AGGGCGTAAAATATTT	Euchromatin	2.16181758830144	EV	3.53870698105712	0.963304300055603	0.15	0.00673510621022211	-0.0206295147284059	-0.0296691188255141	0.269719917370839	0.0731404279389729	-3.77318712197393	-7.21408358800902	1.11224479524862
POLQ	AGGGCGTAAAATATTT	Euchromatin	2.16181758830144	LBR2	3.53870698105712	3.12512188835704	0.216203330078189	0.94939128851811	0.853374475413698	0.929919724983492	0.821957712147807	0.868417304181666	-0.203539621342931	-0.0749252830275195	1.11224479524862
POLQ	ATACTATATTTAACGG	Euchromatin	2.16101664151281	EV	4.03953115346645	0.727563627166615	0.360681114551084	0.00657589083171467	-0.0206563312433599	-0.0297386757105114	0.269861769000134	0.0731555873487543	-3.77288813357906	-7.24859793604565	1.1117101821167
POLQ	ATACTATATTTAACGG	Euchromatin	2.16101664151281	LBR2	4.03953115346645	2.88858026867943	0.236741922437018	0.956521763073834	0.878125662085793	0.949393925803295	0.826034033484541	0.88451787379121	-0.177036798586213	-0.0641303013065554	1.1117101821167
POLQ	ATATCGTTGCTGGAGA	Triple Heterochromatin	1.44022389341724	EV	2.9976379527374	0.68160064578725	0.322742474916388	0.00675317764521277	-0.0206264688852639	-0.0296612226038196	0.269703822264028	0.0731387102583149	-3.7732210036251	-7.2102177759425	0.526293106677518
POLQ	ATATCGTTGCTGGAGA	Triple Heterochromatin	1.44022389341724	LBR2	2.9976379527374	2.12182453920449	0.379379706045776	0.884757874810272	0.646465696764379	0.757443917899209	0.722820996915963	0.70891020385985	-0.49632519894662	-0.176645397435311	0.526293106677518
POLQ	CATCCACCACACTTCA	Triple Heterochromatin	1.51712707170321	EV	2.41017781878036	1.07165664694762	0.323863636363636	0.00784871609341758	-0.0204410273811534	-0.0291820370341853	0.268730184355698	0.0730357066467865	-3.77525422978448	-6.99332760991275	0.601341928062424
POLQ	CATCCACCACACTTCA	Triple Heterochromatin	1.51712707170321	LBR2	2.41017781878036	2.58878371865083	0.47077827170534	0.613804157284335	0.298471588087636	0.396285158858161	0.34018697525849	0.344981240734762	-1.53541018121323	-0.704149677702739	0.601341928062424
POLQ	CATTTCTGATCAATAA	other-heterochromatin	1.14338621685963	EV	2.63842030255031	0.719431851713793	0.314699792960663	0.00683256824953815	-0.0206130829873659	-0.0296265301394435	0.269633127231757	0.0731311713683159	-3.77336971939767	-7.19335631896908	0.193312804280477
POLQ	CATTTCTGATCAATAA	other-heterochromatin	1.14338621685963	LBR2	2.63842030255031	1.86281806857342	0.418358632795492	0.767488804948556	0.423879472333777	0.558229033330766	0.497460241177965	0.493189582280836	-1.01978576909331	-0.381782388265124	0.193312804280477
POLQ	CCGGGGACGTATGCAC	other-heterochromatin	2.06661681612307	EV	4.2637384232249	0.640995080505387	0.210526315789474	0.00649148017935941	-0.0206705350684017	-0.0297755440840387	0.269937009209683	0.0731636433524143	-3.7727292705713	-7.26723680737113	1.04727091477863
POLQ	CCGGGGACGTATGCAC	other-heterochromatin	2.06661681612307	LBR2	4.2637384232249	2.70761189662845	0.330450596472217	0.853586764195513	0.566524191510945	0.708298286714166	0.648856788235301	0.641226422153471	-0.641094220978792	-0.228390289129829	1.04727091477863
POLQ	CGGCCTGAAGGTCAGG	H3K27me3	2.16561915052094	EV	3.69166209312935	0.803108719688969	0.457602339181287	0.00658203542457192	-0.0206552969271305	-0.0297359916863814	0.269856292914282	0.0731550014335899	-3.77289968840786	-7.24725049358167	1.11477955044139
POLQ	CGGCCTGAAGGTCAGG	H3K27me3	2.16561915052094	LBR2	3.69166209312935	2.9687278702099	0.471922886143049	0.824315759198599	0.507379083023101	0.652671239411591	0.585403158606965	0.581817827013886	-0.78136059330905	-0.27873101843847	1.11477955044139
POLQ	GAGCGCGTCACCGGGT	H3K27me3	1.84525844392135	EV	3.98366707912037	0.626154839048856	0.362348178137652	0.00663641949972027	-0.0206461403394886	-0.0297122348018451	0.269807831247712	0.0731498187021261	-3.77300190104825	-7.23537920020112	0.883822891977634
POLQ	GAGCGCGTCACCGGGT	H3K27me3	1.84525844392135	LBR2	3.98366707912037	2.47141328297021	0.316400297283481	0.91045257510864	0.72433825701841	0.822978186856824	0.775064671282222	0.774127038385819	-0.369357755119771	-0.135344224788507	0.883822891977634
POLQ	GCGCACCCTTTAATTG	H3K27me3	2.17800813224923	EV	4.61996671797622	0.610802270936727	0.233805668016194	0.00739309981508474	-0.0205183392671192	-0.0293814408150266	0.269134604686054	0.0730782748679694	-3.77441361258001	-7.07960489320272	1.12300934080126
POLQ	GCGCACCCTTTAATTG	H3K27me3	2.17800813224923	LBR2	4.61996671797622	2.78881040318596	0.315739868005779	0.917714567081929	0.747410343867355	0.843098697970785	0.786804033504196	0.792437691780779	-0.335630592181454	-0.123882586877736	1.12300934080126
POLQ	GCTAACATCACGAATC	other-heterochromatin	1.87640961460869	EV	3.5023297113343	0.763399348345107	0.34006734006734	0.0061946257572193	-0.0207204132147956	-0.0299051563886886	0.270201807041416	0.0731920791459772	-3.77216866141748	-7.33476715879545	0.907974798247078
POLQ	GCTAACATCACGAATC	other-heterochromatin	1.87640961460869	LBR2	3.5023297113343	2.6398089629538	0.266000152116978	0.94008008454523	0.821485307186303	0.904250043124136	0.814456950982416	0.846730767097619	-0.240024782613474	-0.0891444310174639	0.907974798247078
POLQ	GTACCTCTCGATAGTG	Triple Heterochromatin	0.973650835679324	EV	2.50700869946549	0.60902690914693	0.252840909090909	0.00672011823038332	-0.0206320405491395	-0.029675667545913	0.269733267084238	0.073141852996395	-3.77315901298816	-7.21729766938317	-0.0385235997323675
POLQ	GTACCTCTCGATAGTG	Triple Heterochromatin	0.973650835679324	LBR2	2.50700869946549	1.58267774482625	0.4775501160777	0.683106850200527	0.355162079465468	0.46612419194334	0.412931929917574	0.411406067108794	-1.28136502508084	-0.549816835262631	-0.0385235997323675
POLQ	TATGGCTGTCGGGTAG	Euchromatin	2.00751152152626	EV	3.36335530374733	0.785928510777481	0.136710239651416	0.00654878102901235	-0.0206608940357098	-0.029750517196922	0.269885930910004	0.0731581732257909	-3.77283713862189	-7.25455789206686	1.00540826769333
POLQ	TATGGCTGTCGGGTAG	Euchromatin	2.00751152152626	LBR2	3.36335530374733	2.79344003230375	0.177645540550771	0.926971565815496	0.777565866464215	0.868364099151308	0.799846612753199	0.815258859456241	-0.294669880993799	-0.109403008988149	1.00540826769333
POLQ	TCTTTTGAGGAGCTGA	Triple Heterochromatin	0.98300902820687	EV	2.60670881802118	0.64171654576683	0.343859649122807	0.00626315024242091	-0.0207089097660907	-0.0298752436461851	0.270140655541834	0.0731855007098527	-3.77229833533598	-7.31889579748121	-0.0247234281796268
POLQ	TCTTTTGAGGAGCTGA	Triple Heterochromatin	0.98300902820687	LBR2	2.60670881802118	1.6247255739737	0.480360523633249	0.670843127065721	0.345448313271602	0.453499713251496	0.399501616679817	0.399483214400972	-1.32379321003007	-0.575952655234013	-0.0247234281796268
POLQ	TGGCCAATATTTGTCT	other-heterochromatin	1.37629747637906	EV	3.07270776082188	0.666834353448297	0.281733746130031	0.00671055630917156	-0.0206336518008332	-0.0296798453550039	0.269741784238477	0.0731427623608799	-3.77314107623344	-7.21935191298853	0.460792331459207
POLQ	TGGCCAATATTTGTCT	other-heterochromatin	1.37629747637906	LBR2	3.07270776082188	2.04313182982735	0.367961403987424	0.825004621187861	0.508674310228844	0.653987920725305	0.586871395718044	0.583177875557398	-0.777992106753859	-0.277525894382076	0.460792331459207
POLQ	TGTCCCTTAGTACTTT	Euchromatin	1.65413310629088	EV	3.97463749719792	0.572932114678091	0.106643356643357	0.00668395842320713	-0.0206381331073694	-0.0296914661531026	0.269765477599735	0.0731452927797545	-3.77309116617402	-7.22508152535327	0.726075331280209
POLQ	TGTCCCTTAGTACTTT	Euchromatin	1.65413310629088	LBR2	3.97463749719792	2.22706522096898	0.240133990472965	0.941649144920203	0.826822472384634	0.90857412800911	0.815891985770666	0.85042952872147	-0.233736403709287	-0.0867384779068682	0.726075331280209
POLQ	TTGAACGCGGGCTCGG	Euchromatin	2.06826400865847	EV	3.36176418195591	0.884535417303284	0.20450885668277	0.00640598690866528	-0.0206849116071312	-0.0298128794169631	0.270013239308635	0.0731718160948467	-3.77256812336837	-7.28636343485155	1.0484203537727
POLQ	TTGAACGCGGGCTCGG	Euchromatin	2.06826400865847	LBR2	3.36176418195591	2.95279942596175	0.238252604796067	0.945864740519484	0.841236473563087	0.920203040845532	0.819405028546458	0.860281514318359	-0.217119257337435	-0.0802942032186472	1.0484203537727
